BEGIN TRANSACTION;
CREATE TABLE IF NOT EXISTS "EBML_old" (
	"tag"	TEXT,
	"name"	TEXT,
	"type"	TEXT
);
CREATE TABLE IF NOT EXISTS "EBML_new" (
	"tag"	TEXT,
	"name"	TEXT,
	"type"	TEXT,
	"orig"	TEXT
);
CREATE TABLE IF NOT EXISTS "requetes" (
	"requete"	TEXT
);
INSERT INTO "EBML_old" VALUES ('"80"','"ChapterDisplay"','"m"');
INSERT INTO "EBML_old" VALUES ('"83"','"TrackType"','"u"');
INSERT INTO "EBML_old" VALUES ('"85"','"ChapString"','"8"');
INSERT INTO "EBML_old" VALUES ('"86"','"CodecID"','"s"');
INSERT INTO "EBML_old" VALUES ('"88"','"FlagDefault"','"u"');
INSERT INTO "EBML_old" VALUES ('"89"','"ChapterTrackNumber"','"u"');
INSERT INTO "EBML_old" VALUES ('"91"','"ChapterTimeStart"','"u"');
INSERT INTO "EBML_old" VALUES ('"92"','"ChapterTimeEnd"','"u"');
INSERT INTO "EBML_old" VALUES ('"96"','"CueRefTime"','"u"');
INSERT INTO "EBML_old" VALUES ('"97"','"CueRefCluster"','"u"');
INSERT INTO "EBML_old" VALUES ('"98"','"ChapterFlagHidden"','"u"');
INSERT INTO "EBML_old" VALUES ('"4254"','"ContentCompAlgo"','"u"');
INSERT INTO "EBML_old" VALUES ('"4255"','"ContentCompSettings"','"b"');
INSERT INTO "EBML_old" VALUES ('"4282"','"DocType"','"s"');
INSERT INTO "EBML_old" VALUES ('"4285"','"DocTypeReadVersion"','"u"');
INSERT INTO "EBML_old" VALUES ('"4286"','"EBMLVersion"','"u"');
INSERT INTO "EBML_old" VALUES ('"4287"','"DocTypeVersion"','"u"');
INSERT INTO "EBML_old" VALUES ('"4444"','"SegmentFamily"','"b"');
INSERT INTO "EBML_old" VALUES ('"4461"','"DateUTC"','"d"');
INSERT INTO "EBML_old" VALUES ('"4484"','"TagDefault"','"u"');
INSERT INTO "EBML_old" VALUES ('"4485"','"TagBinary"','"b"');
INSERT INTO "EBML_old" VALUES ('"4487"','"TagString"','"8"');
INSERT INTO "EBML_old" VALUES ('"4489"','"Duration"','"f"');
INSERT INTO "EBML_old" VALUES ('"4598"','"ChapterFlagEnabled"','"u"');
INSERT INTO "EBML_old" VALUES ('"4660"','"FileMediaType"','"s"');
INSERT INTO "EBML_old" VALUES ('"4661"','"FileUsedStartTime"','"u"');
INSERT INTO "EBML_old" VALUES ('"4662"','"FileUsedEndTime"','"u"');
INSERT INTO "EBML_old" VALUES ('"4675"','"FileReferral"','"b"');
INSERT INTO "EBML_old" VALUES ('"5031"','"ContentEncodingOrder"','"u"');
INSERT INTO "EBML_old" VALUES ('"5032"','"ContentEncodingScope"','"u"');
INSERT INTO "EBML_old" VALUES ('"5033"','"ContentEncodingType"','"u"');
INSERT INTO "EBML_old" VALUES ('"5034"','"ContentCompression"','"m"');
INSERT INTO "EBML_old" VALUES ('"5035"','"ContentEncryption"','"m"');
INSERT INTO "EBML_old" VALUES ('"5378"','"CueBlockNumber"','"u"');
INSERT INTO "EBML_old" VALUES ('"55aa"','"FlagForced"','"u"');
INSERT INTO "EBML_old" VALUES ('"55ab"','"FlagHearingImpaired"','"u"');
INSERT INTO "EBML_old" VALUES ('"55ac"','"FlagVisualImpaired"','"u"');
INSERT INTO "EBML_old" VALUES ('"55ad"','"FlagTextDescriptions"','"u"');
INSERT INTO "EBML_old" VALUES ('"55ae"','"FlagOriginal"','"u"');
INSERT INTO "EBML_old" VALUES ('"55af"','"FlagCommentary"','"u"');
INSERT INTO "EBML_old" VALUES ('"5654"','"ChapterStringUID"','"8"');
INSERT INTO "EBML_old" VALUES ('"5741"','"WritingApp"','"8"');
INSERT INTO "EBML_old" VALUES ('"5854"','"SilentTracks"','"m"');
INSERT INTO "EBML_old" VALUES ('"6240"','"ContentEncoding"','"m"');
INSERT INTO "EBML_old" VALUES ('"6264"','"BitDepth"','"u"');
INSERT INTO "EBML_old" VALUES ('"6532"','"SignedElement"','"b"');
INSERT INTO "EBML_old" VALUES ('"6624"','"TrackTranslate"','"m"');
INSERT INTO "EBML_old" VALUES ('"6911"','"ChapProcessCommand"','"m"');
INSERT INTO "EBML_old" VALUES ('"6922"','"ChapProcessTime"','"u"');
INSERT INTO "EBML_old" VALUES ('"6924"','"ChapterTranslate"','"m"');
INSERT INTO "EBML_old" VALUES ('"6933"','"ChapProcessData"','"b"');
INSERT INTO "EBML_old" VALUES ('"6944"','"ChapProcess"','"m"');
INSERT INTO "EBML_old" VALUES ('"6955"','"ChapProcessCodecID"','"u"');
INSERT INTO "EBML_old" VALUES ('"7373"','"Tag"','"m"');
INSERT INTO "EBML_old" VALUES ('"7384"','"SegmentFilename"','"8"');
INSERT INTO "EBML_old" VALUES ('"7446"','"AttachmentLink"','"u"');
INSERT INTO "EBML_old" VALUES ('"258688"','"CodecName"','"8"');
INSERT INTO "EBML_old" VALUES ('"18538067"','"Segment"','"m"');
INSERT INTO "EBML_old" VALUES ('"447a"','"TagLanguage"','"s"');
INSERT INTO "EBML_old" VALUES ('"45a3"','"TagName"','"8"');
INSERT INTO "EBML_old" VALUES ('"67c8"','"Simpvarag"','"m"');
INSERT INTO "EBML_old" VALUES ('"63c6"','"TagAttachmentUID"','"u"');
INSERT INTO "EBML_old" VALUES ('"63c4"','"TagChapterUID"','"u"');
INSERT INTO "EBML_old" VALUES ('"63c9"','"TagEditionUID"','"u"');
INSERT INTO "EBML_old" VALUES ('"63c5"','"TagTrackUID"','"u"');
INSERT INTO "EBML_old" VALUES ('"63ca"','"TargetType"','"s"');
INSERT INTO "EBML_old" VALUES ('"68ca"','"TargetTypeValue"','"u"');
INSERT INTO "EBML_old" VALUES ('"63c0"','"Targets"','"m"');
INSERT INTO "EBML_old" VALUES ('"1254c367"','"Tags"','"m"');
INSERT INTO "EBML_old" VALUES ('"450d"','"ChapProcessPrivate"','"b"');
INSERT INTO "EBML_old" VALUES ('"437e"','"ChapCountry"','"s"');
INSERT INTO "EBML_old" VALUES ('"437c"','"ChapLanguage"','"s"');
INSERT INTO "EBML_old" VALUES ('"8f"','"ChapterTrack"','"m"');
INSERT INTO "EBML_old" VALUES ('"63c3"','"ChapterPhysicalEquiv"','"u"');
INSERT INTO "EBML_old" VALUES ('"6ebc"','"ChapterSegmentEditionUID"','"u"');
INSERT INTO "EBML_old" VALUES ('"6e67"','"ChapterSegmentUID"','"b"');
INSERT INTO "EBML_old" VALUES ('"73c4"','"ChapterUID"','"u"');
INSERT INTO "EBML_old" VALUES ('"b6"','"ChapterAtom"','"m"');
INSERT INTO "EBML_old" VALUES ('"45dd"','"EditionFlagOrdered"','"u"');
INSERT INTO "EBML_old" VALUES ('"45db"','"EditionFlagDefault"','"u"');
INSERT INTO "EBML_old" VALUES ('"45bd"','"EditionFlagHidden"','"u"');
INSERT INTO "EBML_old" VALUES ('"45bc"','"EditionUID"','"u"');
INSERT INTO "EBML_old" VALUES ('"45b9"','"EditionEntry"','"m"');
INSERT INTO "EBML_old" VALUES ('"1043a770"','"Chapters"','"m"');
INSERT INTO "EBML_old" VALUES ('"46ae"','"FileUID"','"u"');
INSERT INTO "EBML_old" VALUES ('"465c"','"FileData"','"b"');
INSERT INTO "EBML_old" VALUES ('"466e"','"FileName"','"8"');
INSERT INTO "EBML_old" VALUES ('"467e"','"FileDescription"','"8"');
INSERT INTO "EBML_old" VALUES ('"61a7"','"AttachedFile"','"m"');
INSERT INTO "EBML_old" VALUES ('"1941a469"','"Attachments"','"m"');
INSERT INTO "EBML_old" VALUES ('"eb"','"CueRefCodecState"','"u"');
INSERT INTO "EBML_old" VALUES ('"535f"','"CueRefNumber"','"u"');
INSERT INTO "EBML_old" VALUES ('"db"','"CueReference"','"m"');
INSERT INTO "EBML_old" VALUES ('"ea"','"CueCodecState"','"u"');
INSERT INTO "EBML_old" VALUES ('"b2"','"CueDuration"','"u"');
INSERT INTO "EBML_old" VALUES ('"f0"','"CueRelativePosition"','"u"');
INSERT INTO "EBML_old" VALUES ('"f1"','"CueClusterPosition"','"u"');
INSERT INTO "EBML_old" VALUES ('"f7"','"CueTrack"','"u"');
INSERT INTO "EBML_old" VALUES ('"b7"','"CueTrackPositions"','"m"');
INSERT INTO "EBML_old" VALUES ('"b3"','"CueTime"','"u"');
INSERT INTO "EBML_old" VALUES ('"bb"','"CuePoint"','"m"');
INSERT INTO "EBML_old" VALUES ('"1c53bb6b"','"Cues"','"m"');
INSERT INTO "EBML_old" VALUES ('"47e6"','"ContentSigHashAlgo"','"u"');
INSERT INTO "EBML_old" VALUES ('"47e5"','"ContentSigAlgo"','"u"');
INSERT INTO "EBML_old" VALUES ('"47e4"','"ContentSigKeyID"','"b"');
INSERT INTO "EBML_old" VALUES ('"47e3"','"ContentSignature"','"b"');
INSERT INTO "EBML_old" VALUES ('"47e2"','"ContentEncKeyID"','"b"');
INSERT INTO "EBML_old" VALUES ('"47e1"','"ContentEncAlgo"','"u"');
INSERT INTO "EBML_old" VALUES ('"6d80"','"ContentEncodings"','"m"');
INSERT INTO "EBML_old" VALUES ('"c4"','"TrickMasterTrackSegmentUID"','"b"');
INSERT INTO "EBML_old" VALUES ('"c7"','"TrickMasterTrackUID"','"u"');
INSERT INTO "EBML_old" VALUES ('"c6"','"TrickTrackFlag"','"u"');
INSERT INTO "EBML_old" VALUES ('"c1"','"TrickTrackSegmentUID"','"b"');
INSERT INTO "EBML_old" VALUES ('"c0"','"TrickTrackUID"','"u"');
INSERT INTO "EBML_old" VALUES ('"ed"','"TrackJoinUID"','"u"');
INSERT INTO "EBML_old" VALUES ('"e9"','"TrackJoinBlocks"','"m"');
INSERT INTO "EBML_old" VALUES ('"e6"','"TrackPlaneType"','"u"');
INSERT INTO "EBML_old" VALUES ('"e5"','"TrackPlaneUID"','"u"');
INSERT INTO "EBML_old" VALUES ('"e4"','"TrackPlane"','"m"');
INSERT INTO "EBML_old" VALUES ('"e3"','"TrackCombinePlanes"','"m"');
INSERT INTO "EBML_old" VALUES ('"e2"','"TrackOperation"','"m"');
INSERT INTO "EBML_old" VALUES ('"7d7b"','"ChannelPositions"','"b"');
INSERT INTO "EBML_old" VALUES ('"9f"','"Channels"','"u"');
INSERT INTO "EBML_old" VALUES ('"78b5"','"OutputSamplingFrequency"','"f"');
INSERT INTO "EBML_old" VALUES ('"b5"','"SamplingFrequency"','"f"');
INSERT INTO "EBML_old" VALUES ('"e1"','"Audio"','"m"');
INSERT INTO "EBML_old" VALUES ('"2383e3"','"FrameRate"','"f"');
INSERT INTO "EBML_old" VALUES ('"55b0"','"Colour"','"m"');
INSERT INTO "EBML_old" VALUES ('"55b1"','"MatrixCoefficients"','"u"');
INSERT INTO "EBML_old" VALUES ('"55b2"','"BitsPerChannel"','"u"');
INSERT INTO "EBML_old" VALUES ('"55b3"','"ChromaSubsamplingHorz"','"u"');
INSERT INTO "EBML_old" VALUES ('"55b4"','"ChromaSubsamplingVert"','"u"');
INSERT INTO "EBML_old" VALUES ('"55b5"','"CbSubsamplingHorz"','"u"');
INSERT INTO "EBML_old" VALUES ('"55b6"','"CbSubsamplingVert"','"u"');
INSERT INTO "EBML_old" VALUES ('"55b7"','"ChromaSitingHorz"','"u"');
INSERT INTO "EBML_old" VALUES ('"55b8"','"ChromaSitingVert"','"u"');
INSERT INTO "EBML_old" VALUES ('"55b9"','"Range"','"u"');
INSERT INTO "EBML_old" VALUES ('"55ba"','"TransferCharacteristics"','"u"');
INSERT INTO "EBML_old" VALUES ('"55bb"','"Primaries"','"u"');
INSERT INTO "EBML_old" VALUES ('"55bc"','"MaxCLL"','"u"');
INSERT INTO "EBML_old" VALUES ('"55bd"','"MaxFALL"','"u"');
INSERT INTO "EBML_old" VALUES ('"2fb523"','"GammaValue"','"f"');
INSERT INTO "EBML_old" VALUES ('"2eb524"','"ColourSpace"','"b"');
INSERT INTO "EBML_old" VALUES ('"54b3"','"AspectRatioType"','"u"');
INSERT INTO "EBML_old" VALUES ('"54b2"','"DisplayUnit"','"u"');
INSERT INTO "EBML_old" VALUES ('"54ba"','"DisplayHeight"','"u"');
INSERT INTO "EBML_old" VALUES ('"54b0"','"DisplayWidth"','"u"');
INSERT INTO "EBML_old" VALUES ('"54dd"','"PixelCropRight"','"u"');
INSERT INTO "EBML_old" VALUES ('"54cc"','"PixelCropLeft"','"u"');
INSERT INTO "EBML_old" VALUES ('"54bb"','"PixelCropTop"','"u"');
INSERT INTO "EBML_old" VALUES ('"54aa"','"PixelCropBottom"','"u"');
INSERT INTO "EBML_old" VALUES ('"ba"','"PixelHeight"','"u"');
INSERT INTO "EBML_old" VALUES ('"b0"','"PixelWidth"','"u"');
INSERT INTO "EBML_old" VALUES ('"53b9"','"OldStereoMode"','"u"');
INSERT INTO "EBML_old" VALUES ('"53c0"','"AlphaMode"','"u"');
INSERT INTO "EBML_old" VALUES ('"53b8"','"StereoMode"','"u"');
INSERT INTO "EBML_old" VALUES ('"9a"','"FlagInterlaced"','"u"');
INSERT INTO "EBML_old" VALUES ('"e0"','"Video"','"m"');
INSERT INTO "EBML_old" VALUES ('"66a5"','"TrackTranslateTrackID"','"b"');
INSERT INTO "EBML_old" VALUES ('"66bf"','"TrackTranslateCodec"','"u"');
INSERT INTO "EBML_old" VALUES ('"66fc"','"TrackTranslateEditionUID"','"u"');
INSERT INTO "EBML_old" VALUES ('"56bb"','"SeekPreRoll"','"u"');
INSERT INTO "EBML_old" VALUES ('"56aa"','"CodecDelay"','"u"');
INSERT INTO "EBML_old" VALUES ('"6fab"','"TrackOverlay"','"u"');
INSERT INTO "EBML_old" VALUES ('"aa"','"CodecDecodeAll"','"u"');
INSERT INTO "EBML_old" VALUES ('"26b240"','"CodecDownloadURL"','"s"');
INSERT INTO "EBML_old" VALUES ('"3b4040"','"CodecInfoURL"','"s"');
INSERT INTO "EBML_old" VALUES ('"3a9697"','"CodecSettings"','"8"');
INSERT INTO "EBML_old" VALUES ('"63a2"','"CodecPrivate"','"b"');
INSERT INTO "EBML_old" VALUES ('"22b59c"','"Language"','"s"');
INSERT INTO "EBML_old" VALUES ('"22b59d"','"Language"','"s"');
INSERT INTO "EBML_old" VALUES ('"536e"','"Name"','"8"');
INSERT INTO "EBML_old" VALUES ('"55ee"','"MaxBlockAdditionID"','"u"');
INSERT INTO "EBML_old" VALUES ('"537f"','"TrackOffset"','"i"');
INSERT INTO "EBML_old" VALUES ('"23314f"','"TrackTimecodeScale"','"f"');
INSERT INTO "EBML_old" VALUES ('"234e7a"','"DefaultDecodedFieldDuration"','"u"');
INSERT INTO "EBML_old" VALUES ('"23e383"','"DefaultDuration"','"u"');
INSERT INTO "EBML_old" VALUES ('"6df8"','"MaxCache"','"u"');
INSERT INTO "EBML_old" VALUES ('"6de7"','"MinCache"','"u"');
INSERT INTO "EBML_old" VALUES ('"9c"','"FlagLacing"','"u"');
INSERT INTO "EBML_old" VALUES ('"55aa"','"FlagForced"','"u"');
INSERT INTO "EBML_old" VALUES ('"b9"','"FlagEnabled"','"u"');
INSERT INTO "EBML_old" VALUES ('"73c5"','"TrackUID"','"u"');
INSERT INTO "EBML_old" VALUES ('"d7"','"TrackNumber"','"u"');
INSERT INTO "EBML_old" VALUES ('"ae"','"TrackEntry"','"m"');
INSERT INTO "EBML_old" VALUES ('"1654ae6b"','"Tracks"','"m"');
INSERT INTO "EBML_old" VALUES ('"af"','"EncryptedBlock"','"b"');
INSERT INTO "EBML_old" VALUES ('"ca"','"ReferenceTimeCode"','"u"');
INSERT INTO "EBML_old" VALUES ('"c9"','"ReferenceOffset"','"u"');
INSERT INTO "EBML_old" VALUES ('"c8"','"ReferenceFrame"','"m"');
INSERT INTO "EBML_old" VALUES ('"cf"','"SliceDuration"','"u"');
INSERT INTO "EBML_old" VALUES ('"ce"','"Delay"','"u"');
INSERT INTO "EBML_old" VALUES ('"cb"','"BlockAdditionID"','"u"');
INSERT INTO "EBML_old" VALUES ('"cd"','"FrameNumber"','"u"');
INSERT INTO "EBML_old" VALUES ('"cc"','"LaceNumber"','"u"');
INSERT INTO "EBML_old" VALUES ('"e8"','"TimeSlice"','"m"');
INSERT INTO "EBML_old" VALUES ('"8e"','"Slices"','"m"');
INSERT INTO "EBML_old" VALUES ('"75a2"','"DiscardPadding"','"i"');
INSERT INTO "EBML_old" VALUES ('"a4"','"CodecState"','"b"');
INSERT INTO "EBML_old" VALUES ('"fd"','"ReferenceVirtual"','"i"');
INSERT INTO "EBML_old" VALUES ('"fb"','"ReferenceBlock"','"i"');
INSERT INTO "EBML_old" VALUES ('"fa"','"ReferencePriority"','"u"');
INSERT INTO "EBML_old" VALUES ('"9b"','"BlockDuration"','"u"');
INSERT INTO "EBML_old" VALUES ('"a5"','"BlockAdditional"','"b"');
INSERT INTO "EBML_old" VALUES ('"ee"','"BlockAddID"','"u"');
INSERT INTO "EBML_old" VALUES ('"a6"','"BlockMore"','"m"');
INSERT INTO "EBML_old" VALUES ('"75a1"','"BlockAdditions"','"m"');
INSERT INTO "EBML_old" VALUES ('"a2"','"BlockVirtual"','"b"');
INSERT INTO "EBML_old" VALUES ('"a1"','"Block"','"b"');
INSERT INTO "EBML_old" VALUES ('"a0"','"BlockGroup"','"m"');
INSERT INTO "EBML_old" VALUES ('"a3"','"SimpleBlock"','"b"');
INSERT INTO "EBML_old" VALUES ('"ab"','"PrevSize"','"u"');
INSERT INTO "EBML_old" VALUES ('"a7"','"Position"','"u"');
INSERT INTO "EBML_old" VALUES ('"58d7"','"SilentTrackNumber"','"u"');
INSERT INTO "EBML_old" VALUES ('"e7"','"Timecode"','"u"');
INSERT INTO "EBML_old" VALUES ('"1f43b675"','"Cluster"','"m"');
INSERT INTO "EBML_old" VALUES ('"4d80"','"MuxingApp"','"8"');
INSERT INTO "EBML_old" VALUES ('"7ba9"','"Title"','"8"');
INSERT INTO "EBML_old" VALUES ('"2ad7b2"','"TimecodeScaleDenominator"','"u"');
INSERT INTO "EBML_old" VALUES ('"2ad7b1"','"TimecodeScale"','"u"');
INSERT INTO "EBML_old" VALUES ('"69a5"','"ChapterTranslateID"','"b"');
INSERT INTO "EBML_old" VALUES ('"69bf"','"ChapterTranslateCodec"','"u"');
INSERT INTO "EBML_old" VALUES ('"69fc"','"ChapterTranslateEditionUID"','"u"');
INSERT INTO "EBML_old" VALUES ('"3e83bb"','"NextFilename"','"8"');
INSERT INTO "EBML_old" VALUES ('"3eb923"','"NextUID"','"b"');
INSERT INTO "EBML_old" VALUES ('"3c83ab"','"PrevFilename"','"8"');
INSERT INTO "EBML_old" VALUES ('"3cb923"','"PrevUID"','"b"');
INSERT INTO "EBML_old" VALUES ('"73a4"','"SegmentUID"','"b"');
INSERT INTO "EBML_old" VALUES ('"1549a966"','"Info"','"m"');
INSERT INTO "EBML_old" VALUES ('"53ac"','"SeekPosition"','"u"');
INSERT INTO "EBML_old" VALUES ('"53ab"','"SeekID"','"b"');
INSERT INTO "EBML_old" VALUES ('"4dbb"','"Seek"','"m"');
INSERT INTO "EBML_old" VALUES ('"114d9b74"','"SeekHead"','"m"');
INSERT INTO "EBML_old" VALUES ('"7e7b"','"SignatureElementList"','"m"');
INSERT INTO "EBML_old" VALUES ('"7e5b"','"SignatureElements"','"m"');
INSERT INTO "EBML_old" VALUES ('"7eb5"','"Signature"','"b"');
INSERT INTO "EBML_old" VALUES ('"7ea5"','"SignaturePublicKey"','"b"');
INSERT INTO "EBML_old" VALUES ('"7e9a"','"SignatureHash"','"u"');
INSERT INTO "EBML_old" VALUES ('"7e8a"','"SignatureAlgo"','"u"');
INSERT INTO "EBML_old" VALUES ('"1b538667"','"SignatureSlot"','"m"');
INSERT INTO "EBML_old" VALUES ('"bf"','"CRC-32"','"b"');
INSERT INTO "EBML_old" VALUES ('"ec"','"Void"','"b"');
INSERT INTO "EBML_old" VALUES ('"42f3"','"EBMLMaxSizeLength"','"u"');
INSERT INTO "EBML_old" VALUES ('"42f2"','"EBMLMaxIDLength"','"u"');
INSERT INTO "EBML_old" VALUES ('"42f7"','"EBMLReadVersion"','"u"');
INSERT INTO "EBML_old" VALUES ('"1a45dfa3"','"EBML"','"m"');
INSERT INTO "EBML_new" VALUES ('"42f2"','"EBMLMaxIDLength"','"u"','revision bdb0b3c');
INSERT INTO "EBML_new" VALUES ('"42f3"','"EBMLMaxSizeLength"','"u"','revision bdb0b3c');
INSERT INTO "EBML_new" VALUES ('"18538067"','"Segment"','"m"','revision bdb0b3c');
INSERT INTO "EBML_new" VALUES ('"114d9b74"','"SeekHead"','"m"','revision bdb0b3c');
INSERT INTO "EBML_new" VALUES ('"4dbb"','"Seek"','"m"','revision bdb0b3c');
INSERT INTO "EBML_new" VALUES ('"53ab"','"SeekID"','"b"','revision bdb0b3c');
INSERT INTO "EBML_new" VALUES ('"53ac"','"SeekPosition"','"u"','revision bdb0b3c');
INSERT INTO "EBML_new" VALUES ('"1549a966"','"Info"','"m"','revision bdb0b3c');
INSERT INTO "EBML_new" VALUES ('"73a4"','"SegmentUUID"','"b"','revision bdb0b3c');
INSERT INTO "EBML_new" VALUES ('"7384"','"SegmentFilename"','"8"','revision bdb0b3c');
INSERT INTO "EBML_new" VALUES ('"3cb923"','"PrevUUID"','"b"','revision bdb0b3c');
INSERT INTO "EBML_new" VALUES ('"3c83ab"','"PrevFilename"','"8"','revision bdb0b3c');
INSERT INTO "EBML_new" VALUES ('"3eb923"','"NextUUID"','"b"','revision bdb0b3c');
INSERT INTO "EBML_new" VALUES ('"3e83bb"','"NextFilename"','"8"','revision bdb0b3c');
INSERT INTO "EBML_new" VALUES ('"4444"','"SegmentFamily"','"b"','revision bdb0b3c');
INSERT INTO "EBML_new" VALUES ('"6924"','"ChapterTranslate"','"m"','revision bdb0b3c');
INSERT INTO "EBML_new" VALUES ('"69a5"','"ChapterTranslateID"','"b"','revision bdb0b3c');
INSERT INTO "EBML_new" VALUES ('"69bf"','"ChapterTranslateCodec"','"u"','revision bdb0b3c');
INSERT INTO "EBML_new" VALUES ('"69fc"','"ChapterTranslateEditionUID"','"u"','revision bdb0b3c');
INSERT INTO "EBML_new" VALUES ('"2ad7b1"','"TimestampScale"','"u"','revision bdb0b3c');
INSERT INTO "EBML_new" VALUES ('"4489"','"Duration"','"f"','revision bdb0b3c');
INSERT INTO "EBML_new" VALUES ('"4461"','"DateUTC"','"d"','revision bdb0b3c');
INSERT INTO "EBML_new" VALUES ('"7ba9"','"Title"','"8"','revision bdb0b3c');
INSERT INTO "EBML_new" VALUES ('"4d80"','"MuxingApp"','"8"','revision bdb0b3c');
INSERT INTO "EBML_new" VALUES ('"5741"','"WritingApp"','"8"','revision bdb0b3c');
INSERT INTO "EBML_new" VALUES ('"1f43b675"','"Cluster"','"m"','revision bdb0b3c');
INSERT INTO "EBML_new" VALUES ('"e7"','"Timestamp"','"u"','revision bdb0b3c');
INSERT INTO "EBML_new" VALUES ('"5854"','"SilentTracks"','"m"','revision bdb0b3c');
INSERT INTO "EBML_new" VALUES ('"58d7"','"SilentTrackNumber"','"u"','revision bdb0b3c');
INSERT INTO "EBML_new" VALUES ('"a7"','"Position"','"u"','revision bdb0b3c');
INSERT INTO "EBML_new" VALUES ('"ab"','"PrevSize"','"u"','revision bdb0b3c');
INSERT INTO "EBML_new" VALUES ('"a3"','"SimpleBlock"','"b"','revision bdb0b3c');
INSERT INTO "EBML_new" VALUES ('"a0"','"BlockGroup"','"m"','revision bdb0b3c');
INSERT INTO "EBML_new" VALUES ('"a1"','"Block"','"b"','revision bdb0b3c');
INSERT INTO "EBML_new" VALUES ('"a2"','"BlockVirtual"','"b"','revision bdb0b3c');
INSERT INTO "EBML_new" VALUES ('"75a1"','"BlockAdditions"','"m"','revision bdb0b3c');
INSERT INTO "EBML_new" VALUES ('"a6"','"BlockMore"','"m"','revision bdb0b3c');
INSERT INTO "EBML_new" VALUES ('"a5"','"BlockAdditional"','"b"','revision bdb0b3c');
INSERT INTO "EBML_new" VALUES ('"ee"','"BlockAddID"','"u"','revision bdb0b3c');
INSERT INTO "EBML_new" VALUES ('"9b"','"BlockDuration"','"u"','revision bdb0b3c');
INSERT INTO "EBML_new" VALUES ('"fa"','"ReferencePriority"','"u"','revision bdb0b3c');
INSERT INTO "EBML_new" VALUES ('"fb"','"ReferenceBlock"','"i"','revision bdb0b3c');
INSERT INTO "EBML_new" VALUES ('"fd"','"ReferenceVirtual"','"i"','revision bdb0b3c');
INSERT INTO "EBML_new" VALUES ('"a4"','"CodecState"','"b"','revision bdb0b3c');
INSERT INTO "EBML_new" VALUES ('"75a2"','"DiscardPadding"','"i"','revision bdb0b3c');
INSERT INTO "EBML_new" VALUES ('"8e"','"Slices"','"m"','revision bdb0b3c');
INSERT INTO "EBML_new" VALUES ('"e8"','"TimeSlice"','"m"','revision bdb0b3c');
INSERT INTO "EBML_new" VALUES ('"cc"','"LaceNumber"','"u"','revision bdb0b3c');
INSERT INTO "EBML_new" VALUES ('"cd"','"FrameNumber"','"u"','revision bdb0b3c');
INSERT INTO "EBML_new" VALUES ('"cb"','"BlockAdditionID"','"u"','revision bdb0b3c');
INSERT INTO "EBML_new" VALUES ('"ce"','"Delay"','"u"','revision bdb0b3c');
INSERT INTO "EBML_new" VALUES ('"cf"','"SliceDuration"','"u"','revision bdb0b3c');
INSERT INTO "EBML_new" VALUES ('"c8"','"ReferenceFrame"','"m"','revision bdb0b3c');
INSERT INTO "EBML_new" VALUES ('"c9"','"ReferenceOffset"','"u"','revision bdb0b3c');
INSERT INTO "EBML_new" VALUES ('"ca"','"ReferenceTimestamp"','"u"','revision bdb0b3c');
INSERT INTO "EBML_new" VALUES ('"af"','"EncryptedBlock"','"b"','revision bdb0b3c');
INSERT INTO "EBML_new" VALUES ('"1654ae6b"','"Tracks"','"m"','revision bdb0b3c');
INSERT INTO "EBML_new" VALUES ('"ae"','"TrackEntry"','"m"','revision bdb0b3c');
INSERT INTO "EBML_new" VALUES ('"d7"','"TrackNumber"','"u"','revision bdb0b3c');
INSERT INTO "EBML_new" VALUES ('"73c5"','"TrackUID"','"u"','revision bdb0b3c');
INSERT INTO "EBML_new" VALUES ('"83"','"TrackType"','"u"','revision bdb0b3c');
INSERT INTO "EBML_new" VALUES ('"b9"','"FlagEnabled"','"u"','revision bdb0b3c');
INSERT INTO "EBML_new" VALUES ('"88"','"FlagDefault"','"u"','revision bdb0b3c');
INSERT INTO "EBML_new" VALUES ('"55aa"','"FlagForced"','"u"','revision bdb0b3c');
INSERT INTO "EBML_new" VALUES ('"55ab"','"FlagHearingImpaired"','"u"','revision bdb0b3c');
INSERT INTO "EBML_new" VALUES ('"55ac"','"FlagVisualImpaired"','"u"','revision bdb0b3c');
INSERT INTO "EBML_new" VALUES ('"55ad"','"FlagTextDescriptions"','"u"','revision bdb0b3c');
INSERT INTO "EBML_new" VALUES ('"55ae"','"FlagOriginal"','"u"','revision bdb0b3c');
INSERT INTO "EBML_new" VALUES ('"55af"','"FlagCommentary"','"u"','revision bdb0b3c');
INSERT INTO "EBML_new" VALUES ('"9c"','"FlagLacing"','"u"','revision bdb0b3c');
INSERT INTO "EBML_new" VALUES ('"6de7"','"MinCache"','"u"','revision bdb0b3c');
INSERT INTO "EBML_new" VALUES ('"6df8"','"MaxCache"','"u"','revision bdb0b3c');
INSERT INTO "EBML_new" VALUES ('"23e383"','"DefaultDuration"','"u"','revision bdb0b3c');
INSERT INTO "EBML_new" VALUES ('"234e7a"','"DefaultDecodedFieldDuration"','"u"','revision bdb0b3c');
INSERT INTO "EBML_new" VALUES ('"23314f"','"TrackTimestampScale"','"f"','revision bdb0b3c');
INSERT INTO "EBML_new" VALUES ('"537f"','"TrackOffset"','"i"','revision bdb0b3c');
INSERT INTO "EBML_new" VALUES ('"55ee"','"MaxBlockAdditionID"','"u"','revision bdb0b3c');
INSERT INTO "EBML_new" VALUES ('"41e4"','"BlockAdditionMapping"','"m"','revision bdb0b3c');
INSERT INTO "EBML_new" VALUES ('"41f0"','"BlockAddIDValue"','"u"','revision bdb0b3c');
INSERT INTO "EBML_new" VALUES ('"41a4"','"BlockAddIDName"','"s"','revision bdb0b3c');
INSERT INTO "EBML_new" VALUES ('"41e7"','"BlockAddIDType"','"u"','revision bdb0b3c');
INSERT INTO "EBML_new" VALUES ('"41ed"','"BlockAddIDExtraData"','"b"','revision bdb0b3c');
INSERT INTO "EBML_new" VALUES ('"536e"','"Name"','"8"','revision bdb0b3c');
INSERT INTO "EBML_new" VALUES ('"22b59c"','"Language"','"s"','revision bdb0b3c');
INSERT INTO "EBML_new" VALUES ('"22b59d"','"LanguageBCP47"','"s"','revision bdb0b3c');
INSERT INTO "EBML_new" VALUES ('"86"','"CodecID"','"s"','revision bdb0b3c');
INSERT INTO "EBML_new" VALUES ('"63a2"','"CodecPrivate"','"b"','revision bdb0b3c');
INSERT INTO "EBML_new" VALUES ('"258688"','"CodecName"','"8"','revision bdb0b3c');
INSERT INTO "EBML_new" VALUES ('"7446"','"AttachmentLink"','"u"','revision bdb0b3c');
INSERT INTO "EBML_new" VALUES ('"3a9697"','"CodecSettings"','"8"','revision bdb0b3c');
INSERT INTO "EBML_new" VALUES ('"3b4040"','"CodecInfoURL"','"s"','revision bdb0b3c');
INSERT INTO "EBML_new" VALUES ('"26b240"','"CodecDownloadURL"','"s"','revision bdb0b3c');
INSERT INTO "EBML_new" VALUES ('"aa"','"CodecDecodeAll"','"u"','revision bdb0b3c');
INSERT INTO "EBML_new" VALUES ('"6fab"','"TrackOverlay"','"u"','revision bdb0b3c');
INSERT INTO "EBML_new" VALUES ('"56aa"','"CodecDelay"','"u"','revision bdb0b3c');
INSERT INTO "EBML_new" VALUES ('"56bb"','"SeekPreRoll"','"u"','revision bdb0b3c');
INSERT INTO "EBML_new" VALUES ('"6624"','"TrackTranslate"','"m"','revision bdb0b3c');
INSERT INTO "EBML_new" VALUES ('"66a5"','"TrackTranslateTrackID"','"b"','revision bdb0b3c');
INSERT INTO "EBML_new" VALUES ('"66bf"','"TrackTranslateCodec"','"u"','revision bdb0b3c');
INSERT INTO "EBML_new" VALUES ('"66fc"','"TrackTranslateEditionUID"','"u"','revision bdb0b3c');
INSERT INTO "EBML_new" VALUES ('"e0"','"Video"','"m"','revision bdb0b3c');
INSERT INTO "EBML_new" VALUES ('"9a"','"FlagInterlaced"','"u"','revision bdb0b3c');
INSERT INTO "EBML_new" VALUES ('"9d"','"FieldOrder"','"u"','revision bdb0b3c');
INSERT INTO "EBML_new" VALUES ('"53b8"','"StereoMode"','"u"','revision bdb0b3c');
INSERT INTO "EBML_new" VALUES ('"53c0"','"AlphaMode"','"u"','revision bdb0b3c');
INSERT INTO "EBML_new" VALUES ('"53b9"','"OldStereoMode"','"u"','revision bdb0b3c');
INSERT INTO "EBML_new" VALUES ('"b0"','"PixelWidth"','"u"','revision bdb0b3c');
INSERT INTO "EBML_new" VALUES ('"ba"','"PixelHeight"','"u"','revision bdb0b3c');
INSERT INTO "EBML_new" VALUES ('"54aa"','"PixelCropBottom"','"u"','revision bdb0b3c');
INSERT INTO "EBML_new" VALUES ('"54bb"','"PixelCropTop"','"u"','revision bdb0b3c');
INSERT INTO "EBML_new" VALUES ('"54cc"','"PixelCropLeft"','"u"','revision bdb0b3c');
INSERT INTO "EBML_new" VALUES ('"54dd"','"PixelCropRight"','"u"','revision bdb0b3c');
INSERT INTO "EBML_new" VALUES ('"54b0"','"DisplayWidth"','"u"','revision bdb0b3c');
INSERT INTO "EBML_new" VALUES ('"54ba"','"DisplayHeight"','"u"','revision bdb0b3c');
INSERT INTO "EBML_new" VALUES ('"54b2"','"DisplayUnit"','"u"','revision bdb0b3c');
INSERT INTO "EBML_new" VALUES ('"54b3"','"AspectRatioType"','"u"','revision bdb0b3c');
INSERT INTO "EBML_new" VALUES ('"2eb524"','"UncompressedFourCC"','"b"','revision bdb0b3c');
INSERT INTO "EBML_new" VALUES ('"2fb523"','"GammaValue"','"f"','revision bdb0b3c');
INSERT INTO "EBML_new" VALUES ('"2383e3"','"FrameRate"','"f"','revision bdb0b3c');
INSERT INTO "EBML_new" VALUES ('"55b0"','"Colour"','"m"','revision bdb0b3c');
INSERT INTO "EBML_new" VALUES ('"55b1"','"MatrixCoefficients"','"u"','revision bdb0b3c');
INSERT INTO "EBML_new" VALUES ('"55b2"','"BitsPerChannel"','"u"','revision bdb0b3c');
INSERT INTO "EBML_new" VALUES ('"55b3"','"ChromaSubsamplingHorz"','"u"','revision bdb0b3c');
INSERT INTO "EBML_new" VALUES ('"55b4"','"ChromaSubsamplingVert"','"u"','revision bdb0b3c');
INSERT INTO "EBML_new" VALUES ('"55b5"','"CbSubsamplingHorz"','"u"','revision bdb0b3c');
INSERT INTO "EBML_new" VALUES ('"55b6"','"CbSubsamplingVert"','"u"','revision bdb0b3c');
INSERT INTO "EBML_new" VALUES ('"55b7"','"ChromaSitingHorz"','"u"','revision bdb0b3c');
INSERT INTO "EBML_new" VALUES ('"55b8"','"ChromaSitingVert"','"u"','revision bdb0b3c');
INSERT INTO "EBML_new" VALUES ('"55b9"','"Range"','"u"','revision bdb0b3c');
INSERT INTO "EBML_new" VALUES ('"55ba"','"TransferCharacteristics"','"u"','revision bdb0b3c');
INSERT INTO "EBML_new" VALUES ('"55bb"','"Primaries"','"u"','revision bdb0b3c');
INSERT INTO "EBML_new" VALUES ('"55bc"','"MaxCLL"','"u"','revision bdb0b3c');
INSERT INTO "EBML_new" VALUES ('"55bd"','"MaxFALL"','"u"','revision bdb0b3c');
INSERT INTO "EBML_new" VALUES ('"55d0"','"MasteringMetadata"','"m"','revision bdb0b3c');
INSERT INTO "EBML_new" VALUES ('"55d1"','"PrimaryRChromaticityX"','"f"','revision bdb0b3c');
INSERT INTO "EBML_new" VALUES ('"55d2"','"PrimaryRChromaticityY"','"f"','revision bdb0b3c');
INSERT INTO "EBML_new" VALUES ('"55d3"','"PrimaryGChromaticityX"','"f"','revision bdb0b3c');
INSERT INTO "EBML_new" VALUES ('"55d4"','"PrimaryGChromaticityY"','"f"','revision bdb0b3c');
INSERT INTO "EBML_new" VALUES ('"55d5"','"PrimaryBChromaticityX"','"f"','revision bdb0b3c');
INSERT INTO "EBML_new" VALUES ('"55d6"','"PrimaryBChromaticityY"','"f"','revision bdb0b3c');
INSERT INTO "EBML_new" VALUES ('"55d7"','"WhitePointChromaticityX"','"f"','revision bdb0b3c');
INSERT INTO "EBML_new" VALUES ('"55d8"','"WhitePointChromaticityY"','"f"','revision bdb0b3c');
INSERT INTO "EBML_new" VALUES ('"55d9"','"LuminanceMax"','"f"','revision bdb0b3c');
INSERT INTO "EBML_new" VALUES ('"55da"','"LuminanceMin"','"f"','revision bdb0b3c');
INSERT INTO "EBML_new" VALUES ('"7670"','"Projection"','"m"','revision bdb0b3c');
INSERT INTO "EBML_new" VALUES ('"7671"','"ProjectionType"','"u"','revision bdb0b3c');
INSERT INTO "EBML_new" VALUES ('"7672"','"ProjectionPrivate"','"b"','revision bdb0b3c');
INSERT INTO "EBML_new" VALUES ('"7673"','"ProjectionPoseYaw"','"f"','revision bdb0b3c');
INSERT INTO "EBML_new" VALUES ('"7674"','"ProjectionPosePitch"','"f"','revision bdb0b3c');
INSERT INTO "EBML_new" VALUES ('"7675"','"ProjectionPoseRoll"','"f"','revision bdb0b3c');
INSERT INTO "EBML_new" VALUES ('"e1"','"Audio"','"m"','revision bdb0b3c');
INSERT INTO "EBML_new" VALUES ('"b5"','"SamplingFrequency"','"f"','revision bdb0b3c');
INSERT INTO "EBML_new" VALUES ('"78b5"','"OutputSamplingFrequency"','"f"','revision bdb0b3c');
INSERT INTO "EBML_new" VALUES ('"9f"','"Channels"','"u"','revision bdb0b3c');
INSERT INTO "EBML_new" VALUES ('"7d7b"','"ChannelPositions"','"b"','revision bdb0b3c');
INSERT INTO "EBML_new" VALUES ('"6264"','"BitDepth"','"u"','revision bdb0b3c');
INSERT INTO "EBML_new" VALUES ('"52f1"','"Emphasis"','"u"','revision bdb0b3c');
INSERT INTO "EBML_new" VALUES ('"e2"','"TrackOperation"','"m"','revision bdb0b3c');
INSERT INTO "EBML_new" VALUES ('"e3"','"TrackCombinePlanes"','"m"','revision bdb0b3c');
INSERT INTO "EBML_new" VALUES ('"e4"','"TrackPlane"','"m"','revision bdb0b3c');
INSERT INTO "EBML_new" VALUES ('"e5"','"TrackPlaneUID"','"u"','revision bdb0b3c');
INSERT INTO "EBML_new" VALUES ('"e6"','"TrackPlaneType"','"u"','revision bdb0b3c');
INSERT INTO "EBML_new" VALUES ('"e9"','"TrackJoinBlocks"','"m"','revision bdb0b3c');
INSERT INTO "EBML_new" VALUES ('"ed"','"TrackJoinUID"','"u"','revision bdb0b3c');
INSERT INTO "EBML_new" VALUES ('"c0"','"TrickTrackUID"','"u"','revision bdb0b3c');
INSERT INTO "EBML_new" VALUES ('"c1"','"TrickTrackSegmentUID"','"b"','revision bdb0b3c');
INSERT INTO "EBML_new" VALUES ('"c6"','"TrickTrackFlag"','"u"','revision bdb0b3c');
INSERT INTO "EBML_new" VALUES ('"c7"','"TrickMasterTrackUID"','"u"','revision bdb0b3c');
INSERT INTO "EBML_new" VALUES ('"c4"','"TrickMasterTrackSegmentUID"','"b"','revision bdb0b3c');
INSERT INTO "EBML_new" VALUES ('"6d80"','"ContentEncodings"','"m"','revision bdb0b3c');
INSERT INTO "EBML_new" VALUES ('"6240"','"ContentEncoding"','"m"','revision bdb0b3c');
INSERT INTO "EBML_new" VALUES ('"5031"','"ContentEncodingOrder"','"u"','revision bdb0b3c');
INSERT INTO "EBML_new" VALUES ('"5032"','"ContentEncodingScope"','"u"','revision bdb0b3c');
INSERT INTO "EBML_new" VALUES ('"5033"','"ContentEncodingType"','"u"','revision bdb0b3c');
INSERT INTO "EBML_new" VALUES ('"5034"','"ContentCompression"','"m"','revision bdb0b3c');
INSERT INTO "EBML_new" VALUES ('"4254"','"ContentCompAlgo"','"u"','revision bdb0b3c');
INSERT INTO "EBML_new" VALUES ('"4255"','"ContentCompSettings"','"b"','revision bdb0b3c');
INSERT INTO "EBML_new" VALUES ('"5035"','"ContentEncryption"','"m"','revision bdb0b3c');
INSERT INTO "EBML_new" VALUES ('"47e1"','"ContentEncAlgo"','"u"','revision bdb0b3c');
INSERT INTO "EBML_new" VALUES ('"47e2"','"ContentEncKeyID"','"b"','revision bdb0b3c');
INSERT INTO "EBML_new" VALUES ('"47e7"','"ContentEncAESSettings"','"m"','revision bdb0b3c');
INSERT INTO "EBML_new" VALUES ('"47e8"','"AESSettingsCipherMode"','"u"','revision bdb0b3c');
INSERT INTO "EBML_new" VALUES ('"47e3"','"ContentSignature"','"b"','revision bdb0b3c');
INSERT INTO "EBML_new" VALUES ('"47e4"','"ContentSigKeyID"','"b"','revision bdb0b3c');
INSERT INTO "EBML_new" VALUES ('"47e5"','"ContentSigAlgo"','"u"','revision bdb0b3c');
INSERT INTO "EBML_new" VALUES ('"47e6"','"ContentSigHashAlgo"','"u"','revision bdb0b3c');
INSERT INTO "EBML_new" VALUES ('"1c53bb6b"','"Cues"','"m"','revision bdb0b3c');
INSERT INTO "EBML_new" VALUES ('"bb"','"CuePoint"','"m"','revision bdb0b3c');
INSERT INTO "EBML_new" VALUES ('"b3"','"CueTime"','"u"','revision bdb0b3c');
INSERT INTO "EBML_new" VALUES ('"b7"','"CueTrackPositions"','"m"','revision bdb0b3c');
INSERT INTO "EBML_new" VALUES ('"f7"','"CueTrack"','"u"','revision bdb0b3c');
INSERT INTO "EBML_new" VALUES ('"f1"','"CueClusterPosition"','"u"','revision bdb0b3c');
INSERT INTO "EBML_new" VALUES ('"f0"','"CueRelativePosition"','"u"','revision bdb0b3c');
INSERT INTO "EBML_new" VALUES ('"b2"','"CueDuration"','"u"','revision bdb0b3c');
INSERT INTO "EBML_new" VALUES ('"5378"','"CueBlockNumber"','"u"','revision bdb0b3c');
INSERT INTO "EBML_new" VALUES ('"ea"','"CueCodecState"','"u"','revision bdb0b3c');
INSERT INTO "EBML_new" VALUES ('"db"','"CueReference"','"m"','revision bdb0b3c');
INSERT INTO "EBML_new" VALUES ('"96"','"CueRefTime"','"u"','revision bdb0b3c');
INSERT INTO "EBML_new" VALUES ('"97"','"CueRefCluster"','"u"','revision bdb0b3c');
INSERT INTO "EBML_new" VALUES ('"535f"','"CueRefNumber"','"u"','revision bdb0b3c');
INSERT INTO "EBML_new" VALUES ('"eb"','"CueRefCodecState"','"u"','revision bdb0b3c');
INSERT INTO "EBML_new" VALUES ('"1941a469"','"Attachments"','"m"','revision bdb0b3c');
INSERT INTO "EBML_new" VALUES ('"61a7"','"AttachedFile"','"m"','revision bdb0b3c');
INSERT INTO "EBML_new" VALUES ('"467e"','"FileDescription"','"8"','revision bdb0b3c');
INSERT INTO "EBML_new" VALUES ('"466e"','"FileName"','"8"','revision bdb0b3c');
INSERT INTO "EBML_new" VALUES ('"4660"','"FileMediaType"','"s"','revision bdb0b3c');
INSERT INTO "EBML_new" VALUES ('"465c"','"FileData"','"b"','revision bdb0b3c');
INSERT INTO "EBML_new" VALUES ('"46ae"','"FileUID"','"u"','revision bdb0b3c');
INSERT INTO "EBML_new" VALUES ('"4675"','"FileReferral"','"b"','revision bdb0b3c');
INSERT INTO "EBML_new" VALUES ('"4661"','"FileUsedStartTime"','"u"','revision bdb0b3c');
INSERT INTO "EBML_new" VALUES ('"4662"','"FileUsedEndTime"','"u"','revision bdb0b3c');
INSERT INTO "EBML_new" VALUES ('"1043a770"','"Chapters"','"m"','revision bdb0b3c');
INSERT INTO "EBML_new" VALUES ('"45b9"','"EditionEntry"','"m"','revision bdb0b3c');
INSERT INTO "EBML_new" VALUES ('"45bc"','"EditionUID"','"u"','revision bdb0b3c');
INSERT INTO "EBML_new" VALUES ('"45bd"','"EditionFlagHidden"','"u"','revision bdb0b3c');
INSERT INTO "EBML_new" VALUES ('"45db"','"EditionFlagDefault"','"u"','revision bdb0b3c');
INSERT INTO "EBML_new" VALUES ('"45dd"','"EditionFlagOrdered"','"u"','revision bdb0b3c');
INSERT INTO "EBML_new" VALUES ('"4520"','"EditionDisplay"','"m"','revision bdb0b3c');
INSERT INTO "EBML_new" VALUES ('"4521"','"EditionString"','"8"','revision bdb0b3c');
INSERT INTO "EBML_new" VALUES ('"45e4"','"EditionLanguageIETF"','"s"','revision bdb0b3c');
INSERT INTO "EBML_new" VALUES ('"b6"','"ChapterAtom"','"m"','revision bdb0b3c');
INSERT INTO "EBML_new" VALUES ('"73c4"','"ChapterUID"','"u"','revision bdb0b3c');
INSERT INTO "EBML_new" VALUES ('"5654"','"ChapterStringUID"','"8"','revision bdb0b3c');
INSERT INTO "EBML_new" VALUES ('"91"','"ChapterTimeStart"','"u"','revision bdb0b3c');
INSERT INTO "EBML_new" VALUES ('"92"','"ChapterTimeEnd"','"u"','revision bdb0b3c');
INSERT INTO "EBML_new" VALUES ('"98"','"ChapterFlagHidden"','"u"','revision bdb0b3c');
INSERT INTO "EBML_new" VALUES ('"4598"','"ChapterFlagEnabled"','"u"','revision bdb0b3c');
INSERT INTO "EBML_new" VALUES ('"6e67"','"ChapterSegmentUUID"','"b"','revision bdb0b3c');
INSERT INTO "EBML_new" VALUES ('"4588"','"ChapterSkipType"','"u"','revision bdb0b3c');
INSERT INTO "EBML_new" VALUES ('"6ebc"','"ChapterSegmentEditionUID"','"u"','revision bdb0b3c');
INSERT INTO "EBML_new" VALUES ('"63c3"','"ChapterPhysicalEquiv"','"u"','revision bdb0b3c');
INSERT INTO "EBML_new" VALUES ('"8f"','"ChapterTrack"','"m"','revision bdb0b3c');
INSERT INTO "EBML_new" VALUES ('"89"','"ChapterTrackUID"','"u"','revision bdb0b3c');
INSERT INTO "EBML_new" VALUES ('"80"','"ChapterDisplay"','"m"','revision bdb0b3c');
INSERT INTO "EBML_new" VALUES ('"85"','"ChapString"','"8"','revision bdb0b3c');
INSERT INTO "EBML_new" VALUES ('"437c"','"ChapLanguage"','"s"','revision bdb0b3c');
INSERT INTO "EBML_new" VALUES ('"437d"','"ChapLanguageBCP47"','"s"','revision bdb0b3c');
INSERT INTO "EBML_new" VALUES ('"437e"','"ChapCountry"','"s"','revision bdb0b3c');
INSERT INTO "EBML_new" VALUES ('"6944"','"ChapProcess"','"m"','revision bdb0b3c');
INSERT INTO "EBML_new" VALUES ('"6955"','"ChapProcessCodecID"','"u"','revision bdb0b3c');
INSERT INTO "EBML_new" VALUES ('"450d"','"ChapProcessPrivate"','"b"','revision bdb0b3c');
INSERT INTO "EBML_new" VALUES ('"6911"','"ChapProcessCommand"','"m"','revision bdb0b3c');
INSERT INTO "EBML_new" VALUES ('"6922"','"ChapProcessTime"','"u"','revision bdb0b3c');
INSERT INTO "EBML_new" VALUES ('"6933"','"ChapProcessData"','"b"','revision bdb0b3c');
INSERT INTO "EBML_new" VALUES ('"1254c367"','"Tags"','"m"','revision bdb0b3c');
INSERT INTO "EBML_new" VALUES ('"7373"','"Tag"','"m"','revision bdb0b3c');
INSERT INTO "EBML_new" VALUES ('"63c0"','"Targets"','"m"','revision bdb0b3c');
INSERT INTO "EBML_new" VALUES ('"68ca"','"TargetTypeValue"','"u"','revision bdb0b3c');
INSERT INTO "EBML_new" VALUES ('"63ca"','"TargetType"','"s"','revision bdb0b3c');
INSERT INTO "EBML_new" VALUES ('"63c5"','"TagTrackUID"','"u"','revision bdb0b3c');
INSERT INTO "EBML_new" VALUES ('"63c9"','"TagEditionUID"','"u"','revision bdb0b3c');
INSERT INTO "EBML_new" VALUES ('"63c4"','"TagChapterUID"','"u"','revision bdb0b3c');
INSERT INTO "EBML_new" VALUES ('"63c6"','"TagAttachmentUID"','"u"','revision bdb0b3c');
INSERT INTO "EBML_new" VALUES ('"67c8"','"SimpleTag"','"m"','revision bdb0b3c');
INSERT INTO "EBML_new" VALUES ('"45a3"','"TagName"','"8"','revision bdb0b3c');
INSERT INTO "EBML_new" VALUES ('"447a"','"TagLanguage"','"s"','revision bdb0b3c');
INSERT INTO "EBML_new" VALUES ('"447b"','"TagLanguageBCP47"','"s"','revision bdb0b3c');
INSERT INTO "EBML_new" VALUES ('"4484"','"TagDefault"','"u"','revision bdb0b3c');
INSERT INTO "EBML_new" VALUES ('"44b4"','"TagDefaultBogus"','"u"','revision bdb0b3c');
INSERT INTO "EBML_new" VALUES ('"4487"','"TagString"','"8"','revision bdb0b3c');
INSERT INTO "EBML_new" VALUES ('"4485"','"TagBinary"','"b"','revision bdb0b3c');
INSERT INTO "EBML_new" VALUES ('"4282"','"DocType"','"s"','old');
INSERT INTO "EBML_new" VALUES ('"4285"','"DocTypeReadVersion"','"u"','old');
INSERT INTO "EBML_new" VALUES ('"4286"','"EBMLVersion"','"u"','old');
INSERT INTO "EBML_new" VALUES ('"4287"','"DocTypeVersion"','"u"','old');
INSERT INTO "EBML_new" VALUES ('"6532"','"SignedElement"','"b"','old');
INSERT INTO "EBML_new" VALUES ('"2ad7b2"','"TimecodeScaleDenominator"','"u"','old');
INSERT INTO "EBML_new" VALUES ('"7e7b"','"SignatureElementList"','"m"','old');
INSERT INTO "EBML_new" VALUES ('"7e5b"','"SignatureElements"','"m"','old');
INSERT INTO "EBML_new" VALUES ('"7eb5"','"Signature"','"b"','old');
INSERT INTO "EBML_new" VALUES ('"7ea5"','"SignaturePublicKey"','"b"','old');
INSERT INTO "EBML_new" VALUES ('"7e9a"','"SignatureHash"','"u"','old');
INSERT INTO "EBML_new" VALUES ('"7e8a"','"SignatureAlgo"','"u"','old');
INSERT INTO "EBML_new" VALUES ('"1b538667"','"SignatureSlot"','"m"','old');
INSERT INTO "EBML_new" VALUES ('"bf"','"CRC-32"','"b"','old');
INSERT INTO "EBML_new" VALUES ('"ec"','"Void"','"b"','old');
INSERT INTO "EBML_new" VALUES ('"42f7"','"EBMLReadVersion"','"u"','old');
INSERT INTO "EBML_new" VALUES ('"1a45dfa3"','"EBML"','"m"','old');
INSERT INTO "requetes" VALUES ('SELECT tag, name, type FROM EBML_old WHERE tag NOT IN (SELECT tag FROM EBML_new)');
INSERT INTO "requetes" VALUES ('UPDATE EBML_new SET orig = "new"');
INSERT INTO "requetes" VALUES ('SELECT EBML_old.tag, EBML_old.name, EBML_new.name, EBML_old.type, EBML_new.type FROM EBML_old INNER JOIN EBML_new ON EBML_old.tag = EBML_new.tag WHERE EBML_old.name != EBML_new.name');
COMMIT;
